0,CO,NO2,SO2,O3,PM25,PM10
1,0.10905068424530164,0.12242995060296666,0.09444819062692981,0.11849927716166331,0.09015175373155469,0.13063502640507887
2,0.7310466193460905,0.4303812184186164,0.19473173110035008,0.44544233027413493,0.14491240751317364,0.285552898230944
3,0.018843066392615997,0.021906138473825856,0.014672713485150733,0.018219822455930276,0.013399772844096833,0.02431311080536019
4,0.13727004914625768,0.14800722439741196,0.12113097657143994,0.1349808225487246,0.11575738785968191,0.15592661993822668
