0,CO,NO2,SO2,O3,TEMPERATURE,HUMIDITY
1,0.301361331516592,0.21799478512160522,0.13446870598956223,0.20730207674070747,0.16233031601741732,0.20583255908448397
2,1.8706987251582785,0.8861839523004515,0.24841079667888144,0.8462809783742278,0.2618479195521756,0.36966061437706754
3,0.10744129003547535,0.06476909172517502,0.030285754041780157,0.06341264576058166,0.042040226630597186,0.059279343739192754
4,0.32778238213100375,0.2544977244007793,0.17402802659853428,0.25181867635380356,0.20503713476001656,0.24347349699544868
