0,CO,NO2,SO2,O3,TEMPERATURE,HUMIDITY
1,0.35653235350196616,0.23121725667851206,0.11339924306351662,0.23000428504183748,0.15917631241205565,0.19158363941618106
2,2.206428884854486,0.9517196019806804,0.22160995070018846,0.9338768830923986,0.3070368188570391,0.3492035975009678
3,0.14009750060164064,0.07424498872424841,0.020268448448336664,0.0739228757043765,0.03304347001132124,0.05535369837413319
4,0.3742960066600239,0.27247933632524945,0.14236730119074628,0.2718876159452219,0.18177862913808443,0.23527366697982413
