0,CO,NO2,SO2,O3,PM25,PM10
1,0.1234125545525631,0.1307540588345879,0.15719626971067818,0.09768074406320224,0.1851193038403436,0.2172178642744733
2,2.9084302264996054,1.575049029750958,0.8720266919703145,inf,3.4316460581122086,2.4681970711455548
3,0.022916224407995255,0.04647219040354238,0.03796813848505793,0.01844539092374247,0.08852763648083128,0.11453136508507353
4,0.1513810569655109,0.21557409492687746,0.1948541466971076,0.1358138097681619,0.29753594149418533,0.3384248292975466
