0,CO,NO2,SO2,O3,PM25,PM10
1,0.08073333585868375,0.07847371590471881,0.16447439003528697,0.07221395540826149,0.22834777133810216,0.28735257050136787
2,0.6663207378906931,1.6528730957025566,0.5574535574363144,inf,0.534623795766169,0.5298140034959388
3,0.009028519883540267,0.009768422581587475,0.03963790520172938,0.007666537261021402,0.14113993275010292,0.2000683027342283
4,0.09501852389687111,0.09883533063428014,0.19909270504398038,0.08755876461566485,0.3756859496309423,0.4472899537595588
