0,CO,NO2,SO2,O3,PM25,PM10
1,0.122279366975164,0.1324845561166528,0.16551900155421714,0.10489336797281759,0.19638046635027406,0.23212645181422448
2,3.3058897940981358,1.3871123163265953,0.9677195551985335,inf,3.601724359519847,2.673974749239017
3,0.025316903993367793,0.04607542716000397,0.04168338561110302,0.018952419733840317,0.0944242945808099,0.12222492895965328
4,0.15911286558090704,0.21465187434542465,0.20416509400752866,0.13766778756789955,0.3072853634340723,0.3496068205279372
