0,CO,NO2,SO2,O3,TEMPERATURE,HUMIDITY
1,0.2553394139953578,0.1994996297774631,0.10422372794619975,0.21103676123713105,0.1676335203187115,0.22375323549229123