0,CO,NO2,SO2,O3,TEMPERATURE,HUMIDITY
1,0.3421236752062163,0.24718519360060828,0.09099100958975874,0.2392795722010374,0.15178517049748347,0.19798456612929674
2,2.0703167915144562,1.0166471694222021,0.1793957867587001,0.9827802926674953,0.29707489975464074,0.3525210913498645
