0,CO,NO2,SO2,O3,TEMPERATURE,HUMIDITY,,,未反归一化的数据
绝对误差,0.33011,0.265862,0.11137,0.237246,0.155699,0.198546,,,
相对误差,2.060425,1.065758,0.213256,0.946671,0.30278,0.388183,,,
MSE,0.120828,0.087686,0.020268448,0.021578,0.075798,0.054636,,,
RMSE,0.347603,0.296118,0.146894,0.275314,0.18282,0.233742,,,
