0,CO,NO2,SO2,O3,TEMPERATURE,HUMIDITY
1,0.338850106595489,0.22161398242817543,0.12884184746413543,0.22220330046575476,0.17486034347384682,0.21726460674840967
2,2.1179785891708294,0.8713713751343389,0.2419035626029946,0.8684130801080722,0.27327311288586664,0.38159694235722547
3,0.13246721030766792,0.06755525517610338,0.024131428827209526,0.0640354592021092,0.04908503739685545,0.0632174982583382
4,0.36396045157086493,0.25991393801815127,0.1553429394185958,0.25305228551054265,0.2215514328476696,0.25143090155813824
