0,CO,NO2,SO2,O3,TEMPERATURE,HUMIDITY,,,未反归一化的数据,CO,NO2,SO2,O3,TEMPERATURE,HUMIDITY
绝对误差,0.33011,0.265862,0.11137,0.237246,0.155699,0.198546,,,绝对误差,0.301361332,0.217994785,0.134468706,0.207302077,0.162330316,0.205832559
相对误差,2.060425,1.065758,0.213256,0.946671,0.30278,0.388183,,,相对误差,1.870698725,0.886183952,0.248410797,0.846280978,0.26184792,0.369660614
MSE,0.120828,0.087686,0.020268448,0.021578,0.075798,0.054636,,,MSE,0.10744129,0.064769092,0.030285754,0.063412646,0.042040227,0.059279344
RMSE,0.347603,0.296118,0.146894,0.275314,0.18282,0.233742,,,RMSE,0.327782382,0.254497724,0.174028027,0.251818676,0.205037135,0.243473497
