0,CO,NO2,SO2,O3,PM25,PM10
1,0.13003972599348124,0.12248313745165128,0.18716160119281558,0.08843286620358085,0.19302194950035825,0.2379385661866311
2,2.714683995908841,1.1817122721176676,0.8427324887876702,inf,3.072212528278937,2.395467344617642
3,0.023911513512292495,0.046040399180227176,0.047913439657955574,0.016304367170722367,0.09029049558969837,0.12540712581338828
4,0.15463348121378015,0.21457026630040607,0.21889138781129688,0.12768855536312707,0.3004837692616664,0.3541286853862424
