0,CO,NO2,SO2,O3,PM25,PM10
1,0.1077160818345485,0.13763911128834136,0.1614777943338362,0.0981136323725904,0.18012961710412628,0.21667743513641358
2,2.820747865578341,1.8386913715574826,0.8758720306802343,inf,3.2681260767695255,2.911475842729768
3,0.018993740326470526,0.04784267241817303,0.039448093674410316,0.016828614919746267,0.08625688782139995,0.11658660730869894
4,0.13781777942802056,0.21872967886908495,0.19861544168168374,0.1297251514539346,0.29369522948355825,0.3414478105197029
