0,CO,NO2,SO2,O3,PM25,PM10
1,0.36373287788934816,0.253621001155591,0.26365214535855014,0.2800161458318995,0.3920477951651573,0.40854346905272415
2,3.441543242824018,3.085049410857106,1.1834921945447043,nan,6.153275958291205,3.943063734169075
3,0.23934360609611796,0.14678658382000062,0.08917706949550692,0.16395239312712978,0.26340747663254116,0.27263454713577356
4,0.489227560646493,0.38312737284093995,0.29862529949002464,0.4049103519634066,0.5132323807326864,0.5221441823249336
