0,CO,NO2,SO2,O3,PM25,PM10
1,0.19808303883224815,0.18535803257311192,0.12373594829902954,0.1573687358362338,0.3194526178461782,0.20681367152478541
2,5.111586833890288,3.055503581708536,1.128050539505226,inf,7.058837286054037,3.2779716030735786
3,0.05667873422120336,0.0481003057561758,0.022472778793133148,0.03147246044272409,0.12568882892278838,0.08554700764636305
4,0.23807295986987553,0.21931781905758546,0.1499092351829371,0.17740479261486733,0.3545262034360625,0.2924842006781957
