0,CO,NO2,SO2,O3,PM25,PM10
1,0.14924054926074784,0.1298724705979118,0.16799274664799424,0.12370278957108151,0.19357921567367609,0.2773061826227064
2,1.03267984474561,1.2792548422067016,1.7013321490349762,inf,1.3053916100126688,1.105847687921034
3,0.028749980295514257,0.04612837355422795,0.03835607317393792,0.023938938504554162,0.08039264746281023,0.14495406892341084
4,0.1695581914727633,0.2147751697804659,0.1958470657782187,0.154722133208388,0.2835359720790472,0.3807283400581192
5,0.0602096405830873,0,0,0,0,0
