0,CO,NO2,SO2,O3,PM25,PM10
1,0.16713528529279703,0.18304492126071023,0.12072457213056823,0.1899003670780959,0.20466468847492816,0.2158988182975129
2,4.212987104832361,2.971319576466758,1.2279185247359423,inf,4.787758200918247,3.569829429021583
3,0.039396057261596194,0.04906118204186524,0.02168144583444072,0.041556187231063114,0.06711511499905204,0.06978680158379698
4,0.19848440054975655,0.22149758924617044,0.14724620821753176,0.20385334736290966,0.2590658507002651,0.26417191672052687
5,0.05372120521282208,0,0,0,0,0
