0,CO,NO2,SO2,O3,PM25,PM10
1,0.16998110940206104,0.19719915804826488,0.14191874947012603,0.17767182960989988,0.2526362970749296,0.2622760142476918
2,1.711935283805051,4.90568781550759,0.5936264554134886,inf,1.0307538060910144,0.8051838818335901
3,0.0353559515806666,0.046358425528253235,0.027801184740637776,0.03931193669071542,0.10573235275642637,0.12327222610810278
4,0.18803178343212779,0.2153100683392517,0.16673687276855642,0.19827238005005998,0.32516511614320864,0.3511014470321972
5,0.08692894539850374,0,0,0,0,0
