0,CO,NO2,SO2,O3,PM25,PM10
1,0.14289997372753502,0.18535914305060971,0.12373617754950064,0.15736930102712196,0.21386640969877851,0.2254961068956991
2,3.9355902385900814,3.055532955523153,1.1280539081158527,inf,4.860507608781537,3.5959216911768714
3,0.03124630019852851,0.04810065757523819,0.02247284606780769,0.03147262654163948,0.0751627605553599,0.08686032408674138
4,0.1767662303680443,0.21931862113199185,0.1499094595674592,0.17740526074961666,0.27415827646700713,0.29472075611795884
