0,CO,NO2,SO2,O3,PM25,PM10
1,0.1060946910878496,0.1490844734052557,0.20391307252207436,0.09683344717494137,0.16277388331918569,0.19496452322166374
2,3.0795689723089263,1.9977262555441235,0.8529692383838684,inf,2.4353252089186403,1.6053882369798909
3,0.018187331952048566,0.05334500704364967,0.054981948759182116,0.01623109455086141,0.07182360785537217,0.07813501658583284
4,0.13486041655003356,0.23096538061720348,0.23448229945815124,0.12740131298719573,0.2679992683858898,0.2795264148266364
