0,CO,NO2,SO2,O3,PM25,PM10
1,0.08196616372069827,0.12250978065592838,0.178813776810576,0.1177727118336499,0.13432160529065165,0.15051312557626462
2,0.6423703163400877,1.3856016971806702,0.652060959936086,0.9588188628884358,11.95874767099009,7.854417094631332
3,0.015284545844632472,0.020650430752075916,0.04674729884760871,0.018131749785683656,0.024931821099106688,0.029296828810791768
4,0.12363068326524962,0.14370257740234138,0.216211236635862,0.13465418591964995,0.1578981351983192,0.17116316429299783
5,0.03937545874525136,0,0,0,0,0
