0,CO,NO2,SO2,O3,PM25,PM10
1,0.12663204325691632,0.13207319817591306,0.20445045217668398,0.09734024596711194,0.20035622293399558,0.2534632447016879
2,2.6672948479717093,0.8818337624124446,0.917290157576287,inf,2.7411995655923724,2.1263964986240675
3,0.022821171457750488,0.05095623257611873,0.054763631278620856,0.018922538353488647,0.09371942711427872,0.13178930684552587
4,0.15106677814049815,0.22573487230846442,0.23401630558279662,0.1375592176245876,0.3061362884636167,0.3630279697840455
5,0.06107145876968907,0,0,0,0,0
