0,CO,NO2,SO2,O3,PM25,PM10
1,0.2707081673592972,0.2841958660920011,0.12920506257263692,0.2640870598219488,0.28583016347776874,0.26576533796865043
2,5.5791377468978025,5.46099644118313,1.2061523337267235,inf,6.160637456988074,4.2696332861661945
3,0.08840315830453851,0.09240882307573248,0.024245911506330355,0.0823128757662826,0.09900267987238197,0.09412723014251198
4,0.297326686162777,0.303988195619061,0.15571098710858639,0.28690220592787813,0.31464691301899333,0.3068016136569558
