0,CO,NO2,SO2,O3,PM25,PM10
1,0.14353329345693797,0.1854526005575368,0.12373658631690984,0.15764982867728713,0.22330233672890187,0.22038597264334758
2,3.9456266529255934,3.057972919441128,1.1282472837453277,inf,5.014458079320091,3.5180452206033332
3,0.03147605994029847,0.04812495558537897,0.022471388049333706,0.03155967084217703,0.07771625795690805,0.08607627470864337
4,0.17741493719610665,0.2193740084544634,0.14990459649168103,0.17765041751196936,0.2787763583177527,0.2933875844487005
